{
	"pattrstorage" : 	{
		"name" : "strangeAudio",
		"slots" : 		{
			"1" : 			{
				"id" : 1,
				"data" : 				{
					"a" : [ "a", 11.700000000000001 ],
					"b" : [ "b", 9.5 ],
					"c" : [ "c", 1.248 ],
					"d" : [ "d", 0.7 ],
					"e" : [ "e", 5.300000000000001 ],
					"speed" : [ "speed", 463.0 ],
					"dt" : [ "dt", 0.01 ]
				}

			}
,
			"2" : 			{
				"id" : 2,
				"data" : 				{
					"a" : [ "a", 11.700000000000001 ],
					"b" : [ "b", 5.833560229061907 ],
					"c" : [ "c", 2.0 ],
					"d" : [ "d", 0.30995321585765 ],
					"e" : [ "e", 5.37800935682847 ],
					"speed" : [ "speed", 219.0 ],
					"dt" : [ "dt", 0.01 ]
				}

			}
,
			"3" : 			{
				"id" : 3,
				"data" : 				{
					"a" : [ "a", 1.0 ],
					"b" : [ "b", 17.400000000000002 ],
					"c" : [ "c", 0.98 ],
					"d" : [ "d", 0.2 ],
					"e" : [ "e", 9.540000000000003 ],
					"speed" : [ "speed", 463.0 ],
					"dt" : [ "dt", 0.01 ]
				}

			}
,
			"4" : 			{
				"id" : 4,
				"data" : 				{
					"a" : [ "a", 11.700000000000001 ],
					"b" : [ "b", 4.800000000000001 ],
					"c" : [ "c", 1.248 ],
					"d" : [ "d", 0.2 ],
					"e" : [ "e", 5.4 ],
					"speed" : [ "speed", 463.0 ],
					"dt" : [ "dt", 0.01 ]
				}

			}
,
			"5" : 			{
				"id" : 5,
				"data" : 				{
					"a" : [ "a", 1.0 ],
					"b" : [ "b", 8.352000000000002 ],
					"c" : [ "c", 1.63 ],
					"d" : [ "d", 0.32 ],
					"e" : [ "e", 4.830000000000001 ],
					"speed" : [ "speed", 613.0 ],
					"dt" : [ "dt", 0.01 ]
				}

			}

		}

	}

}
