{
    "pattrstorage": {
        "name": "thomasAudio",
        "slots": {
            "1": {
                "id": 1,
                "data": {
                    "b": [
                        "b",
                        0.203
                    ],
                    "mc.live.gain~": [
                        -3.239873366344756
                    ]
                }
            },
            "2": {
                "id": 2,
                "data": {
                    "b": [
                        "b",
                        0.192
                    ],
                    "mc.live.gain~": [
                        -3.239873366344756
                    ]
                }
            },
            "3": {
                "id": 3,
                "data": {
                    "b": [
                        "b",
                        0.094
                    ],
                    "mc.live.gain~": [
                        -3.239873366344756
                    ]
                }
            },
            "4": {
                "id": 4,
                "data": {
                    "b": [
                        "b",
                        0.16
                    ],
                    "mc.live.gain~": [
                        -3.239873366344756
                    ]
                }
            },
            "5": {
                "id": 5,
                "data": {
                    "b": [
                        "b",
                        0.23
                    ],
                    "mc.live.gain~": [
                        -3.239873366344756
                    ]
                }
            }
        }
    }
}
